{
  "0post1": {
    "username": "username1",
    "post_id": "post1",
    "position": 0,
    "info": "info"
  },
  "1post1": {
    "username": "username2",
    "post_id": "post1",
    "position": 1,
    "info": "more info"
  },
  "2post1": {
    "username": "username1",
    "post_id": "post1",
    "position": 2,
    "info": "reply to you"
  },
  "0postA": {
    "username": "acb365",
    "post_id": "postA",
    "position": 0,
    "info": "AfterEditsTest"
  },
  "0postB": {
    "username": "acb365",
    "post_id": "postB",
    "position": 0,
    "info": "AfterEditsTest2"
  }
}