{
  "0post1": {
    "username": "username1",
    "post_id": "post1",
    "position": 0,
    "info": "info"
  },
  "1post1": {
    "username": "username2",
    "post_id": "post1",
    "position": 1,
    "info": "more info"
  },
  "2post1": {
    "username": "username1",
    "post_id": "post1",
    "position": 2,
    "info": "reply to you"
  },
  "0posttest": {
    "username": "usernom",
    "post_id": "posttest",
    "position": 0,
    "info": "info"
  },
  "1posttest": {
    "username": "usernom1",
    "post_id": "posttest",
    "position": 1,
    "info": "moreinfo"
  },
  "0idA": {
    "username": "usernomme",
    "post_id": "idA",
    "position": 0,
    "info": "informationne"
  }
}