{
  "postA": {
    "post_id": "postA",
    "user": {
      "username": "username",
      "user_id": "user_id",
      "user_type": "landlord"
    },
    "location": "location",
    "bedrooms": 4,
    "price": 1000.0,
    "post_info": "post_info"
  },
  "postB": {
    "post_id": "postB",
    "user": {
      "username": "username",
      "user_id": "user_id",
      "user_type": "landlord"
    },
    "location": "location",
    "bedrooms": 2,
    "price": 1500.0,
    "post_info": "post_info"
  },
  "postC": {
    "post_id": "postC",
    "user": {
      "username": "username",
      "user_id": "user_id",
      "user_type": "landlord"
    },
    "location": "location",
    "bedrooms": 2,
    "price": 1600.0,
    "post_info": "info"
  },
  "postE": {
    "post_id": "postE",
    "user": {
      "username": "annabel",
      "user_id": "acb365",
      "user_type": "landlord"
    },
    "location": "Collegetown",
    "bedrooms": 3,
    "price": 1500.0,
    "post_info": "cool"
  }
}