{
  "00": {
    "username": "username1",
    "post_id": "0",
    "position": 0,
    "info": "info comment student"
  },
  "10": {
    "username": "username2",
    "post_id": "0",
    "position": 1,
    "info": "more info comment student"
  },
  "20": {
    "username": "username1",
    "post_id": "0",
    "position": 2,
    "info": "reply to you comment student"
  },
  "01": {
    "username": "username3",
    "post_id": "1",
    "position": 0,
    "info": "coolplace"
  },
  "02": {
    "username": "username4",
    "post_id": "2",
    "position": 0,
    "info": "heyo"
  },
  "03": {
    "username": "username5",
    "post_id": "3",
    "position": 0,
    "info": "blablabla"
  }
}